,voltage,angle
0,0.822,-163.10496276923078
1,0.824,-162.9664165774648
2,0.825,-162.81848609615386
3,0.826,-162.27450242857142
4,0.827,-161.123767875
5,0.829,-160.21269072727273
6,0.83,-159.8701943898305
7,0.831,-159.154069
8,0.832,-158.424772125
9,0.833,-157.727357
10,0.835,-157.44839122222223
11,0.836,-157.00204583333334
12,0.837,-156.61149333333333
13,0.838,-155.886182
14,0.84,-155.607216
15,0.841,-155.16087033333335
16,0.842,-154.25702059999998
17,0.843,-153.57076425
18,0.844,-152.943091
19,0.846,-152.59438366666666
20,0.847,-151.81327875
21,0.848,-151.45460814285713
22,0.849,-150.69741483333334
23,0.851,-150.172959
24,0.852,-150.09763825
25,0.853,-149.16868159999999
26,0.854,-148.68886
27,0.855,-148.13092799999998
28,0.857,-147.62878933333334
29,0.858,-146.791891
30,0.859,-146.58266675
31,0.86,-145.703924
32,0.862,-144.97714410526314
33,0.863,-144.56016366666665
34,0.864,-144.392784
35,0.865,-143.69536925
36,0.866,-143.10954066666667
37,0.868,-142.6910915
38,0.869,-142.10526333333334
39,0.87,-141.65891766666667
40,0.871,-141.10098566666667
41,0.873,-140.59884699999998
42,0.874,-140.04091466666668
43,0.875,-139.25981050000001
44,0.876,-139.42719
45,0.877,-138.29737775
46,0.88,-137.37679
47,0.881,-136.7491165
48,0.882,-136.023805
49,0.884,-136.079598
50,0.885,-135.07532066666667
51,0.886,-134.573182
52,0.887,-133.95945700000001
53,0.888,-133.401525
54,0.89,-132.564627
55,0.891,-132.564627
56,0.892,-131.8951086666667
57,0.893,-131.3092805
58,0.894,-130.388693
59,0.896,-130.47238225
60,0.897,-129.63548450000002
61,0.898,-128.96596599999998
62,0.899,-128.77069033333333
63,0.901,-127.794309
64,0.902,-127.45955000000001
65,0.903,-126.95741100000001
66,0.904,-126.371583
67,0.905,-126.0368235
68,0.907,-125.199926
69,0.908,-125.032546
70,0.909,-124.028269
71,0.91,-123.97247566666665
72,0.912,-123.35875
73,0.913,-122.73107675
74,0.914,-121.852334
75,0.915,-121.433885
76,0.916,-121.182816
77,0.918,-120.34591766666667
78,0.919,-120.09484850000001
79,0.92,-119.59270950000001
80,0.921,-118.72791533333333
81,0.923,-118.337363
82,0.924,-117.75153449999999
83,0.925,-117.165706
84,0.926,-116.663567
85,0.927,-115.826669
86,0.929,-115.49191
87,0.93,-115.1571505
88,0.931,-114.487633
89,0.932,-113.901804
90,0.934,-113.37176833333332
91,0.935,-112.5627675
92,0.936,-112.311698
93,0.937,-111.58638666666667
94,0.938,-110.805282
95,0.94,-110.5542125
96,0.941,-109.745211
97,0.942,-109.07569266666667
98,0.943,-108.378278
99,0.946,-107.4576902
100,0.947,-107.122931
101,0.948,-106.286033
102,0.949,-106.06286033333333
103,0.951,-105.17016933333332
104,0.952,-104.5285475
105,0.953,-104.11009849999999
106,0.954,-103.49637333333334
107,0.956,-102.5199925
108,0.957,-102.603682
109,0.958,-101.264646
110,0.959,-101.59940466666667
111,0.96,-100.762507
112,0.962,-100.1766785
113,0.964,-99.50716
114,0.965,-98.753952
115,0.967,-98.5028825
116,0.968,-97.582295
117,0.969,-97.28938074999999
118,0.97,-96.745397
119,0.971,-96.075879
120,0.973,-95.57374
121,0.974,-94.904222
122,0.975,-94.402083
123,0.976,-93.983634
124,0.978,-93.565185
125,0.979,-92.686442
126,0.98,-92.560908
127,0.981,-91.975079
128,0.982,-91.05449133333333
129,0.984,-91.054491
130,0.985,-89.882834
131,0.986,-89.771248
132,0.987,-89.380696
133,0.989,-88.25088325
134,0.99,-88.376418
135,0.991,-87.53952
136,0.992,-87.03738150000001
137,0.993,-86.53524266666666
138,0.995,-85.94941399999999
139,0.996,-85.196206
140,0.997,-85.08461966666665
141,0.998,-85.028826
142,0.999,-84.02454933333333
143,1.001,-83.355031
144,1.002,-82.852892
145,1.004,-81.80676925
146,1.006,-80.5932675
147,1.007,-80.928027
148,1.008,-79.923749
149,1.009,-79.67268
150,1.01,-79.05895466666668
151,1.013,-78.38943633333334
152,1.014,-77.4130555
153,1.015,-77.161986
154,1.017,-76.07401899999999
155,1.018,-76.15770866666666
156,1.02,-74.6931375
157,1.021,-74.204947
158,1.023,-73.814395
159,1.024,-73.228566
160,1.025,-72.64273750000001
161,1.026,-72.307978
162,1.028,-71.80583966666667
163,1.029,-71.471081
164,1.03,-70.38311300000001
165,1.031,-70.13204350000001
166,1.032,-69.29514599999999
167,1.034,-69.295146
168,1.035,-68.79300699999999
169,1.036,-68.039799
170,1.037,-67.78873
171,1.039,-66.7007625
172,1.04,-66.868142
173,1.041,-66.031244
174,1.042,-65.1943465
175,1.043,-65.110656
176,1.045,-64.32955166666666
177,1.046,-63.60424
178,1.047,-63.60424
179,1.048,-62.8510325
180,1.05,-62.181514
181,1.051,-62.432583
182,1.052,-61.037753333333335
183,1.053,-60.758787
184,1.054,-60.424028
185,1.056,-59.75451
186,1.057,-59.503440499999996
187,1.058,-58.415473
188,1.059,-58.41547333333333
189,1.061,-57.411196
190,1.062,-57.243816499999994
191,1.063,-56.574298
192,1.064,-56.12795233333333
193,1.065,-55.402641
194,1.067,-54.900502
195,1.068,-54.733123
196,1.069,-53.673052000000006
197,1.07,-53.394086
198,1.072,-53.226706
199,1.073,-51.88767
200,1.074,-52.055049499999996
201,1.075,-52.055049
202,1.076,-51.050772
203,1.078,-50.548632999999995
204,1.079,-50.130184
205,1.08,-49.4606655
206,1.081,-48.4563885
207,1.084,-48.205319
208,1.085,-47.1173515
209,1.086,-47.535801
210,1.087,-46.531523
211,1.089,-45.694625
212,1.09,-45.359866
213,1.091,-45.192487
214,1.092,-44.690348
215,1.094,-43.741863333333335
216,1.095,-43.518691
217,1.096,-43.016552
218,1.098,-42.06806766666667
219,1.1,-42.012275
220,1.102,-40.673238
221,1.103,-40.00371933333333
222,1.105,-39.501581
223,1.106,-38.999442
224,1.107,-38.497303
225,1.108,-38.329924
226,1.109,-37.660405
227,1.111,-37.409335999999996
228,1.112,-36.823508
229,1.113,-36.656128
230,1.114,-35.65185033333333
231,1.117,-35.317091500000004
232,1.118,-34.368607
233,1.12,-33.7269855
234,1.122,-32.973777
235,1.123,-32.722708
236,1.124,-32.08108633333334
237,1.125,-31.467361
238,1.126,-30.965222
239,1.128,-30.072530999999998
240,1.129,-30.295704
241,1.131,-29.01246066666667
242,1.133,-28.454529
243,1.134,-27.561837333333333
244,1.136,-26.836526000000003
245,1.137,-26.278594
246,1.139,-25.609076
247,1.14,-25.190627
248,1.141,-24.688488
249,1.142,-24.270039
250,1.145,-23.54472766666667
251,1.146,-23.265762
252,1.147,-22.428864
253,1.148,-22.149897999999997
254,1.15,-21.424586
255,1.151,-21.257207
256,1.152,-20.8387575
257,1.153,-20.085549333333333
258,1.155,-19.416031500000003
259,1.156,-19.248652
260,1.157,-18.746513
261,1.158,-18.244374
262,1.159,-17.3237865
263,1.161,-17.128510000000002
264,1.162,-16.403199
265,1.163,-16.570578
266,1.164,-15.622093999999999
267,1.166,-15.566301
268,1.167,-14.562023
269,1.168,-14.310953999999999
270,1.17,-13.334573333333333
271,1.172,-12.888228
272,1.173,-12.469778999999999
273,1.174,-11.939743666666667
274,1.175,-10.935465666666667
275,1.177,-10.544914
276,1.178,-10.210154
277,1.179,-9.596429333333333
278,1.18,-9.2895665
279,1.181,-8.201599
280,1.183,-8.368979
281,1.184,-7.6157705
282,1.185,-7.197322
283,1.186,-7.2810115
284,1.188,-6.2767345
285,1.189,-5.941975
286,1.19,-5.690906
287,1.191,-4.85400775
288,1.192,-3.682351
289,1.194,-3.9055233333333335
290,1.196,-2.957039333333333
291,1.197,-2.678073
292,1.199,-2.1759346666666666
293,1.2,-0.9903292083333334
294,1.201,-0.874414025862069
295,1.202,-0.911288634920635
296,1.203,-0.28454523333333337
297,1.205,0.669518
298,1.206,0.8368979
299,1.207,1.3629479999999998
300,1.208,1.5064161666666667
301,1.21,2.0643483333333332
302,1.211,2.2520164545454544
303,1.213,3.4312815
304,1.214,4.268179
305,1.216,4.351869
306,1.217,5.356147
307,1.218,5.021387
308,1.219,5.969871666666667
309,1.222,6.778873
310,1.224,7.532081
311,1.225,7.8668405
312,1.227,8.368979
313,1.228,9.038497
314,1.229,9.540636
315,1.23,9.959085
316,1.231,10.377534
317,1.233,10.712293
318,1.234,11.2981215
319,1.235,11.716571
320,1.236,12.386089
321,1.238,12.4697785
322,1.24,13.557746
323,1.241,13.557746
324,1.244,14.4783335
325,1.245,15.231542
326,1.247,15.566301
327,1.249,16.403198500000002
328,1.25,16.570578
329,1.252,17.574856
330,1.253,17.658545500000002
331,1.255,18.858099666666668
332,1.258,19.91817
333,1.26,20.252929
334,1.262,21.173516499999998
335,1.263,21.591966
336,1.264,22.094105
337,1.266,22.763622666666667
338,1.268,23.93528
339,1.269,23.93528
340,1.271,24.102659
341,1.272,25.1906265
342,1.273,25.106937
343,1.274,26.0275245
344,1.277,26.8644225
345,1.278,27.366561
346,1.28,28.287149
347,1.282,28.454529
348,1.284,29.403013
349,1.285,29.626186
350,1.288,30.630463000000002
351,1.289,30.965222
352,1.29,31.7184305
353,1.291,32.304259
354,1.294,32.80639766666667
355,1.296,33.97805466666667
356,1.299,34.480193
357,1.3,35.149712
358,1.301,35.400780999999995
359,1.302,35.98661
360,1.304,36.488748
361,1.305,36.739818
362,1.306,37.493026
363,1.307,37.827785
364,1.308,37.827785
365,1.31,38.580993
366,1.311,39.166822
367,1.312,39.334201
368,1.313,40.171099
369,1.315,40.171099
370,1.316,40.505858
371,1.317,41.2590665
372,1.318,41.175377
373,1.319,42.347034
374,1.321,42.263344000000004
375,1.322,43.1839315
376,1.323,43.85345
377,1.326,43.68607
378,1.327,44.7740375
379,1.328,44.522968
380,1.329,45.359866
381,1.33,45.8620045
382,1.332,46.698903
383,1.333,46.196764
384,1.334,47.1173515
385,1.336,47.98214633333333
386,1.339,48.540078
387,1.34,49.20959633333333
388,1.343,50.213874
389,1.344,50.213874
390,1.346,51.21815133333333
391,1.347,52.222429
392,1.349,52.222429
393,1.35,51.88767
394,1.351,53.059327
395,1.352,52.724568
396,1.354,53.812535
397,1.355,54.063604
398,1.356,54.565743
399,1.357,54.900502
400,1.36,55.7374
401,1.361,56.574298
402,1.362,56.574298
403,1.363,56.909057
404,1.365,57.411196
405,1.366,57.745955
406,1.367,57.9970245
407,1.368,58.917612
408,1.369,58.917612
409,1.371,59.75451
410,1.372,59.92189
411,1.373,60.758787
412,1.374,60.2566485
413,1.376,61.2609265
414,1.377,61.763065
415,1.378,61.930444
416,1.379,62.6836525
417,1.38,62.599963
418,1.382,63.269481
419,1.383,63.68793
420,1.384,63.938999
421,1.385,64.441138
422,1.387,65.110656
423,1.388,65.278036
424,1.389,65.612795
425,1.39,66.114934
426,1.391,66.533383
427,1.393,66.784452
428,1.394,67.119211
429,1.395,67.73293666666667
430,1.396,68.3745585
431,1.399,68.625628
432,1.4,69.462526
433,1.401,69.629905
434,1.406,70.88525200000001
435,1.41,72.39166800000001
436,1.413,73.647015
437,1.415,73.981774
438,1.417,75.15343150000001
439,1.422,76.492468
440,1.423,77.161986
441,1.426,77.831505
442,1.427,78.668402
443,1.429,79.170541
444,1.431,80.174819
445,1.433,80.342198
446,1.437,81.681235
447,1.439,82.852892
448,1.44,83.187651
449,1.443,84.024549
450,1.445,85.028826
451,1.446,84.861447
452,1.45,86.033104
453,1.451,86.535243
454,1.454,86.870002
455,1.455,87.874279
456,1.457,87.874279
457,1.459,88.711177
458,1.46,89.045936
459,1.461,89.548075
460,1.463,90.46866299999999
461,1.466,91.389251
462,1.467,91.72401
463,1.468,92.226148
464,1.472,93.146736
465,1.474,94.067324
466,1.478,94.736842
467,1.481,95.8248095
468,1.484,96.912777
469,1.487,97.080156
470,1.488,97.917054
471,1.49,98.753952
472,1.493,98.586572
473,1.494,99.59085
474,1.495,99.925609
475,1.498,100.427748
476,1.499,101.599405
477,1.5,101.264646
478,1.503,102.771062
479,1.505,102.603682
480,1.507,103.775339
481,1.509,103.775339
482,1.512,104.779617
483,1.514,105.114376
484,1.516,105.951274
485,1.517,106.955551
486,1.518,106.453413
487,1.522,107.62507
488,1.523,108.127208
489,1.527,109.0477965
490,1.528,109.801004
491,1.531,110.470523
492,1.534,110.972661
493,1.536,111.80955900000001
494,1.54,113.23228549999999
495,1.545,114.487633
496,1.548,115.65929
497,1.553,116.9146365
498,1.555,118.169983
499,1.557,118.169983
500,1.559,119.174261
501,1.561,119.174261
502,1.562,120.345918
503,1.564,120.513297
504,1.567,121.5175745
505,1.571,122.6892315
506,1.576,123.7771995
507,1.577,124.530407
508,1.579,125.032546
509,1.581,126.036824
510,1.583,125.534685
511,1.586,126.538962
512,1.587,126.873721
513,1.588,127.877999
514,1.589,127.710619
515,1.593,129.217036
516,1.594,128.714897
517,1.597,129.886554
518,1.598,130.388693
519,1.601,130.890831
520,1.603,131.56035
521,1.606,132.229868
522,1.608,132.899386
523,1.61,133.234145
524,1.611,133.903664
525,1.614,134.65687200000002
526,1.619,135.744839
527,1.62,136.414357
528,1.623,137.251255
529,1.625,137.418635
530,1.627,138.255533
531,1.631,139.008741
532,1.633,139.594569
533,1.634,140.431467
534,1.638,140.598847
535,1.641,141.77050400000002
536,1.642,142.607402
537,1.645,143.27692
538,1.648,143.611679
539,1.652,144.783336
540,1.653,144.448577
541,1.658,145.8713035
542,1.66,147.29403
543,1.663,147.29403
544,1.665,148.465687
545,1.667,148.465687
546,1.671,149.804724
547,1.672,150.139483
548,1.673,150.976381
549,1.676,151.31114
550,1.681,152.4827975
551,1.686,153.989213
552,1.687,153.654454
553,1.689,154.826111
554,1.691,154.993491
555,1.694,156.081458
556,1.698,157.336805
557,1.699,157.169425
558,1.703,158.341082
559,1.704,158.508462
560,1.705,159.34536
561,1.708,159.680119
562,1.71,160.349637
563,1.711,160.851776
564,1.715,161.688674
565,1.717,162.023433
566,1.72,162.692951
567,1.721,163.529849
568,1.724,163.864609
569,1.728,165.036266
570,1.73,165.036266
571,1.733,166.542682
572,1.735,167.044821
573,1.739,167.546959
574,1.742,168.885996
575,1.743,168.718616
576,1.748,169.890273
577,1.753,170.894551
578,1.754,171.22931
579,1.758,171.898828
580,1.76,173.070485
581,1.761,173.070485
582,1.765,174.074763
583,1.769,174.91166049999998
584,1.771,176.418077
585,1.774,176.250697
586,1.778,177.254975
587,1.78,178.091873
588,1.782,178.259252
589,1.785,179.430909
590,1.786,179.765669
591,1.789,180.435187
592,1.793,181.439464
593,1.797,181.941603
594,1.802,183.11326
595,1.805,184.2849175
596,1.811,185.54026399999998
597,1.813,186.126093
598,1.819,187.29775
599,1.82,187.29775
600,1.825,188.4694065
601,1.827,189.306305
602,1.83,189.975823
603,1.833,190.310582
604,1.835,191.14748
605,1.836,191.14748
606,1.841,192.1517575
607,1.843,192.821276
608,1.846,193.323415
609,1.848,193.658174
610,1.851,194.327692
611,1.852,194.327692
612,1.854,195.331969
613,1.855,195.3319695
614,1.858,196.336247
615,1.86,196.336247
616,1.863,197.340524
617,1.864,197.173145
618,1.866,198.010043
619,1.868,198.344802
620,1.871,199.01432
621,1.873,199.516459
622,1.874,200.185977
623,1.877,200.520736
624,1.88,201.441324
625,1.886,202.69667099999998
626,1.891,203.700948
627,1.893,204.203087
628,1.897,204.705226
629,1.899,205.542124
630,1.902,206.044263
631,1.903,206.88116
632,1.905,207.383299
633,1.909,208.052818
634,1.913,208.387577
635,1.914,209.224475
636,1.916,209.224475
637,1.919,210.061373
638,1.92,210.228752
639,1.923,210.89827
640,1.926,211.5677885
641,1.931,212.572066
642,1.934,212.739446
643,1.936,213.408964
644,1.937,214.078482
645,1.938,213.743723
646,1.941,214.748001
647,1.942,215.417519
648,1.946,215.7522785
649,1.949,216.421797
650,1.951,216.7565555
651,1.953,217.426074
652,1.956,217.6771435
653,1.958,218.262972
654,1.959,218.095592
655,1.96,218.7651105
656,1.962,219.09987
657,1.963,219.09986966666665
658,1.964,219.60200875
659,1.965,219.74149150000002
660,1.967,219.769388
